{"loss": 0.02170141413807869, "_timestamp": 1652548105, "_runtime": 262, "_step": 9, "gradients/decoder.2.bias": {"_type": "histogram", "values": [1.0, 0.0, 0.0, 1.0, 1.0, 2.0, 0.0, 2.0, 0.0, 1.0, 0.0, 5.0, 0.0, 4.0, 3.0, 1.0, 2.0, 2.0, 4.0, 4.0, 3.0, 7.0, 7.0, 10.0, 16.0, 6.0, 14.0, 18.0, 9.0, 11.0, 18.0, 11.0, 20.0, 14.0, 28.0, 35.0, 40.0, 305.0, 23.0, 21.0, 23.0, 11.0, 9.0, 21.0, 12.0, 7.0, 7.0, 6.0, 6.0, 6.0, 2.0, 5.0, 0.0, 3.0, 2.0, 3.0, 3.0, 1.0, 1.0, 2.0, 2.0, 2.0, 0.0, 1.0], "bins": [-0.00013552485324908048, -0.00013189441233407706, -0.00012826397141907364, -0.00012463353050407022, -0.00012100309686502442, -0.000117372655950021, -0.00011374221503501758, -0.00011011177412001416, -0.00010648134048096836, -0.00010285089956596494, -9.922045865096152e-05, -9.55900177359581e-05, -9.19595840969123e-05, -8.832914318190888e-05, -8.469870226690546e-05, -8.106826135190204e-05, -7.743782043689862e-05, -7.38073795218952e-05, -7.017693860689178e-05, -6.654650496784598e-05, -6.291606405284256e-05, -5.928562313783914e-05, -5.565518222283572e-05, -5.20247413078323e-05, -4.839430039282888e-05, -4.476385947782546e-05, -4.113342220080085e-05, -3.750298128579743e-05, -3.387254400877282e-05, -3.02421030937694e-05, -2.6611662178765982e-05, -2.2981223082751967e-05, -1.935078762471676e-05, -1.5720348528702743e-05, -1.2089908523194026e-05, -8.459468517685309e-06, -4.829029421671294e-06, -1.1985903256572783e-06, 2.4318505893461406e-06, 6.062289685360156e-06, 9.692725143395364e-06, 1.332316423940938e-05, 1.6953603335423395e-05, 2.0584044250426814e-05, 2.421448334644083e-05, 2.7844922442454845e-05, 3.1475363357458264e-05, 3.510580427246168e-05, 3.87362451874651e-05, 4.236668610246852e-05, 4.599712337949313e-05, 4.962756429449655e-05, 5.325800157152116e-05, 5.688844248652458e-05, 6.0518883401528e-05, 6.414932431653142e-05, 6.777976523153484e-05, 7.141020614653826e-05, 7.504064706154168e-05, 7.86710879765451e-05, 8.23015216155909e-05, 8.593196253059432e-05, 8.956240344559774e-05, 9.319284436060116e-05, 9.682327799964696e-05]}, "gradients/decoder.2.weight": {"_type": "histogram", "values": [1.0, 5.0, 3.0, 1.0, 6.0, 2.0, 13.0, 16.0, 20.0, 36.0, 46.0, 59.0, 72.0, 100.0, 134.0, 168.0, 209.0, 258.0, 308.0, 410.0, 455.0, 586.0, 731.0, 878.0, 1148.0, 1376.0, 1823.0, 2285.0, 2961.0, 3607.0, 4336.0, 5121.0, 5839.0, 6952.0, 8806.0, 12779.0, 97682.0, 10820.0, 7377.0, 5536.0, 4290.0, 3195.0, 2309.0, 1798.0, 1285.0, 1105.0, 902.0, 695.0, 563.0, 432.0, 327.0, 233.0, 207.0, 132.0, 87.0, 66.0, 40.0, 27.0, 18.0, 15.0, 7.0, 2.0, 2.0, 2.0], "bins": [-0.0006726410938426852, -0.0006542439805343747, -0.0006358468672260642, -0.0006174497539177537, -0.0005990526406094432, -0.0005806555855087936, -0.0005622584722004831, -0.0005438613588921726, -0.0005254642455838621, -0.0005070671322755516, -0.000488670018967241, -0.000470272934762761, -0.0004518758214544505, -0.00043347870814614, -0.00041508162394165993, -0.0003966845106333494, -0.0003782873973250389, -0.0003598902840167284, -0.0003414931707084179, -0.00032309608650393784, -0.00030469897319562733, -0.0002863018598873168, -0.00026790477568283677, -0.00024950766237452626, -0.00023111054906621575, -0.00021271343575790524, -0.00019431633700150996, -0.00017591923824511468, -0.00015752212493680418, -0.00013912501162849367, -0.00012072791287209839, -0.0001023308141157031, -8.393364259973168e-05, -6.553653656737879e-05, -4.7139430535025895e-05, -2.8742324502673e-05, -1.0345218470320106e-05, 8.051887562032789e-06, 2.6448993594385684e-05, 4.4846092350780964e-05, 6.324320565909147e-05, 8.164031169144437e-05, 0.00010003741772379726, 0.00011843452375615016, 0.00013683162978850305, 0.00015522874309681356, 0.00017362584185320884, 0.00019202294060960412, 0.00021042005391791463, 0.00022881716722622514, 0.00024721428053453565, 0.0002656113647390157, 0.0002840084780473262, 0.0003024055913556367, 0.00032080267556011677, 0.0003391997888684273, 0.0003575969021767378, 0.0003759940154850483, 0.0003943911287933588, 0.00041278821299783885, 0.00043118532630614936, 0.00044958243961445987, 0.0004679795238189399, 0.00048637663712725043, 0.0005047737504355609]}, "gradients/decoder.0.bias": {"_type": "histogram", "values": [1.0, 0.0, 0.0, 0.0, 0.0, 0.0, 1.0, 0.0, 0.0, 2.0, 1.0, 0.0, 0.0, 1.0, 0.0, 1.0, 2.0, 2.0, 2.0, 4.0, 3.0, 5.0, 3.0, 3.0, 4.0, 5.0, 9.0, 7.0, 8.0, 9.0, 9.0, 6.0, 5.0, 30.0, 10.0, 10.0, 4.0, 9.0, 10.0, 8.0, 10.0, 7.0, 7.0, 6.0, 8.0, 10.0, 3.0, 5.0, 8.0, 0.0, 3.0, 2.0, 4.0, 1.0, 1.0, 0.0, 2.0, 0.0, 2.0, 1.0, 0.0, 0.0, 0.0, 2.0], "bins": [-0.0001906013349071145, -0.00018495196127332747, -0.00017930258763954043, -0.0001736532140057534, -0.0001680038549238816, -0.00016235448129009455, -0.00015670510765630752, -0.00015105573402252048, -0.00014540637494064867, -0.00013975700130686164, -0.0001341076276730746, -0.00012845825403928757, -0.00012280889495741576, -0.00011715952132362872, -0.00011151014768984169, -0.00010586077405605465, -0.00010021140042226762, -9.456202678848058e-05, -8.891266043065116e-05, -8.326328679686412e-05, -7.76139204390347e-05, -7.196454680524766e-05, -6.631517317146063e-05, -6.06658031756524e-05, -5.501642590388656e-05, -4.936705590807833e-05, -4.37176859122701e-05, -3.806831227848306e-05, -3.2418942282674834e-05, -2.6769572286866605e-05, -2.112019865307957e-05, -1.547082865727134e-05, -9.821480489335954e-06, -4.1721095840330236e-06, 1.477261321269907e-06, 7.1266331360675395e-06, 1.2776003131875768e-05, 1.8425373127683997e-05, 2.4074746761471033e-05, 2.9724116757279262e-05, 3.537347947712988e-05, 4.1022849472938105e-05, 4.6672219468746334e-05, 5.232159310253337e-05, 5.79709630983416e-05, 6.362033309414983e-05, 6.926970672793686e-05, 7.49190803617239e-05, 8.056845399551094e-05, 8.621782762929797e-05, 9.18671939871274e-05, 9.751656762091443e-05, 0.00010316593397874385, 0.00010881530761253089, 0.00011446468124631792, 0.00012011405488010496, 0.00012576341396197677, 0.0001314127875957638, 0.00013706216122955084, 0.00014271153486333787, 0.00014836089394520968, 0.00015401026757899672, 0.00015965964121278375, 0.0001653090148465708, 0.00017095838848035783]}, "gradients/decoder.0.weight": {"_type": "histogram", "values": [2.0, 0.0, 0.0, 0.0, 0.0, 1.0, 0.0, 3.0, 2.0, 3.0, 8.0, 2.0, 4.0, 9.0, 5.0, 9.0, 20.0, 18.0, 31.0, 49.0, 43.0, 63.0, 105.0, 143.0, 164.0, 267.0, 399.0, 534.0, 813.0, 1212.0, 1917.0, 3457.0, 9204.0, 5914.0, 2853.0, 1657.0, 1091.0, 755.0, 542.0, 382.0, 287.0, 193.0, 161.0, 111.0, 92.0, 58.0, 43.0, 41.0, 22.0, 17.0, 16.0, 14.0, 5.0, 7.0, 4.0, 4.0, 5.0, 0.0, 1.0, 0.0, 1.0, 2.0, 2.0, 1.0],